epoch,time,train/box_loss,train/seg_loss,train/cls_loss,train/dfl_loss,train/sem_loss,metrics/precision(B),metrics/recall(B),metrics/mAP50(B),metrics/mAP50-95(B),metrics/precision(M),metrics/recall(M),metrics/mAP50(M),metrics/mAP50-95(M),val/box_loss,val/seg_loss,val/cls_loss,val/dfl_loss,val/sem_loss,lr/pg0,lr/pg1,lr/pg2
1,51.8542,1.00285,2.61507,4.83326,1.37237,0,0.00971,0.25706,0.0123,0.00957,0.00959,0.24655,0.01235,0.00887,0.93605,2.2403,4.55781,1.40025,0,3.05079e-05,3.05079e-05,3.05079e-05
2,102.777,0.84596,1.97663,3.76503,1.25106,0,0.6169,0.07672,0.05036,0.03949,0.62674,0.07464,0.05033,0.03565,0.91053,2.0391,3.75094,1.35628,0,6.1102e-05,6.1102e-05,6.1102e-05
3,154.809,0.79955,1.76816,3.07652,1.20174,0,0.57937,0.11265,0.08568,0.06664,0.58194,0.11639,0.08626,0.06195,0.87739,1.93636,3.24388,1.31093,0,9.12868e-05,9.12868e-05,9.12868e-05
4,204.931,0.78269,1.67367,2.72181,1.17749,0,0.62245,0.13716,0.11531,0.08855,0.62294,0.1374,0.11544,0.08601,0.88744,1.87724,3.01049,1.31003,0,9.11586e-05,9.11586e-05,9.11586e-05
5,254.95,0.75422,1.60686,2.47848,1.16196,0,0.51036,0.18011,0.13169,0.10306,0.51159,0.18045,0.13206,0.09866,0.86457,1.83193,2.81519,1.28728,0,9.05448e-05,9.05448e-05,9.05448e-05
6,304.757,0.72075,1.50326,2.30268,1.12494,0,0.55307,0.16807,0.14764,0.11601,0.55242,0.16914,0.14812,0.10977,0.86222,1.81203,2.77846,1.27678,0,8.9931e-05,8.9931e-05,8.9931e-05
7,353.84,0.70645,1.44783,2.15585,1.11418,0,0.5669,0.18677,0.16878,0.13163,0.56791,0.18762,0.16879,0.1253,0.85088,1.79816,2.66684,1.27307,0,8.93172e-05,8.93172e-05,8.93172e-05
8,403.073,0.69543,1.42906,2.06714,1.10801,0,0.51142,0.2055,0.17796,0.13949,0.48934,0.21403,0.17958,0.1344,0.83916,1.75111,2.59402,1.27044,0,8.87034e-05,8.87034e-05,8.87034e-05
9,452.212,0.69655,1.39161,1.97756,1.10198,0,0.46182,0.22076,0.18048,0.14252,0.46248,0.2201,0.18081,0.13622,0.83727,1.77475,2.58562,1.26914,0,8.80896e-05,8.80896e-05,8.80896e-05
10,501.316,0.66762,1.33077,1.87104,1.0814,0,0.42953,0.22908,0.19035,0.14766,0.43235,0.22947,0.1919,0.14168,0.83534,1.75122,2.51119,1.25679,0,8.74758e-05,8.74758e-05,8.74758e-05
11,550.573,0.67498,1.35401,1.81937,1.08944,0,0.43311,0.22046,0.19011,0.15297,0.43661,0.21774,0.19155,0.14473,0.81092,1.73047,2.46645,1.23771,0,8.6862e-05,8.6862e-05,8.6862e-05
12,599.469,0.66353,1.35091,1.79117,1.08319,0,0.45266,0.22562,0.19865,0.15793,0.45233,0.22638,0.20046,0.1507,0.82843,1.7985,2.48679,1.26776,0,8.62482e-05,8.62482e-05,8.62482e-05
13,648.427,0.64953,1.28975,1.68744,1.06318,0,0.48916,0.24179,0.21267,0.17195,0.49032,0.24606,0.21575,0.16339,0.81334,1.72683,2.40241,1.24356,0,8.56344e-05,8.56344e-05,8.56344e-05
14,697.557,0.6403,1.27555,1.62245,1.05988,0,0.41925,0.24518,0.2148,0.17437,0.41975,0.24745,0.21594,0.16411,0.82327,1.71888,2.40595,1.24276,0,8.50206e-05,8.50206e-05,8.50206e-05
15,746.507,0.61922,1.22268,1.55652,1.04801,0,0.44776,0.24722,0.22454,0.17921,0.45231,0.2472,0.22593,0.16921,0.80964,1.76562,2.3713,1.24461,0,8.44068e-05,8.44068e-05,8.44068e-05
16,795.154,0.62207,1.21659,1.49474,1.04865,0,0.46511,0.21713,0.21169,0.16606,0.46633,0.21844,0.21088,0.16011,0.83399,1.76433,2.44652,1.25867,0,8.3793e-05,8.3793e-05,8.3793e-05
17,843.963,0.61559,1.21167,1.46425,1.0466,0,0.37107,0.25075,0.21338,0.16811,0.36395,0.24936,0.21467,0.16106,0.82518,1.75497,2.40845,1.24823,0,8.31792e-05,8.31792e-05,8.31792e-05
18,892.819,0.60209,1.17282,1.4089,1.03108,0,0.44746,0.22905,0.22015,0.17736,0.49346,0.21859,0.22201,0.16913,0.81449,1.77495,2.36,1.24792,0,8.25654e-05,8.25654e-05,8.25654e-05
19,941.62,0.5998,1.18513,1.37654,1.02848,0,0.42812,0.2505,0.21698,0.17513,0.43014,0.25314,0.22107,0.16811,0.82709,1.78565,2.38131,1.25492,0,8.19516e-05,8.19516e-05,8.19516e-05
20,990.319,0.59506,1.1653,1.34059,1.02606,0,0.42945,0.24312,0.23061,0.18185,0.37842,0.26938,0.23194,0.17413,0.81475,1.75363,2.29978,1.24087,0,8.13378e-05,8.13378e-05,8.13378e-05
21,1038.93,0.59591,1.15695,1.29292,1.03627,0,0.41726,0.24195,0.22326,0.17735,0.41411,0.24105,0.22148,0.17098,0.83752,1.75518,2.40133,1.27963,0,8.0724e-05,8.0724e-05,8.0724e-05
22,1087.53,0.59643,1.15611,1.28281,1.02899,0,0.42271,0.2417,0.22688,0.17711,0.42596,0.24918,0.23049,0.17238,0.85344,1.8525,2.43094,1.28537,0,8.01102e-05,8.01102e-05,8.01102e-05
23,1136.3,0.58236,1.13391,1.21878,1.01105,0,0.40714,0.24701,0.23107,0.18578,0.41698,0.25316,0.23685,0.1779,0.80755,1.71964,2.31055,1.23393,0,7.94964e-05,7.94964e-05,7.94964e-05
24,1184.93,0.59367,1.13393,1.2297,1.02205,0,0.52004,0.22391,0.23288,0.18503,0.54256,0.21837,0.23734,0.177,0.82531,1.77298,2.33648,1.25654,0,7.88826e-05,7.88826e-05,7.88826e-05
25,1233.57,0.57577,1.10631,1.18052,1.01107,0,0.39857,0.23923,0.24605,0.19738,0.37152,0.26345,0.2543,0.18812,0.82686,1.81714,2.33232,1.25775,0,7.82688e-05,7.82688e-05,7.82688e-05
26,1282.25,0.57209,1.09023,1.14972,1.00749,0,0.44524,0.24485,0.22703,0.18173,0.4384,0.25212,0.23241,0.17357,0.81916,1.77697,2.36323,1.25967,0,7.7655e-05,7.7655e-05,7.7655e-05
27,1330.95,0.57342,1.11486,1.13691,1.00152,0,0.38325,0.27824,0.24434,0.19034,0.38258,0.27961,0.24691,0.18143,0.80901,1.77486,2.31446,1.24153,0,7.70412e-05,7.70412e-05,7.70412e-05
28,1379.39,0.55609,1.05687,1.08742,0.99853,0,0.38838,0.25747,0.23794,0.18911,0.40272,0.25576,0.23925,0.18137,0.82298,1.79592,2.32826,1.24783,0,7.64274e-05,7.64274e-05,7.64274e-05
29,1427.96,0.56973,1.0854,1.07467,1.00679,0,0.34727,0.28425,0.24333,0.19318,0.34894,0.28435,0.2437,0.18222,0.82885,1.77738,2.30322,1.26475,0,7.58136e-05,7.58136e-05,7.58136e-05
30,1476.39,0.55084,1.06391,1.05701,0.99572,0,0.37157,0.26665,0.23997,0.19179,0.3776,0.27459,0.24629,0.18309,0.83364,1.84951,2.35203,1.27487,0,7.51998e-05,7.51998e-05,7.51998e-05
31,1524.94,0.5429,1.02523,1.02642,0.99219,0,0.39956,0.25922,0.23682,0.18627,0.39828,0.25977,0.23757,0.17913,0.84592,1.81838,2.30834,1.26813,0,7.4586e-05,7.4586e-05,7.4586e-05
32,1573.46,0.54551,1.0288,0.98549,0.98891,0,0.42144,0.26463,0.2355,0.18681,0.42339,0.26587,0.23849,0.17899,0.82457,1.78278,2.36733,1.2541,0,7.39722e-05,7.39722e-05,7.39722e-05
33,1621.96,0.5411,1.03725,0.97944,0.99065,0,0.38954,0.25931,0.23763,0.18744,0.41788,0.24488,0.24018,0.18011,0.82362,1.80064,2.35224,1.25926,0,7.33584e-05,7.33584e-05,7.33584e-05
34,1670.55,0.54366,1.03534,0.98109,0.9885,0,0.37612,0.27075,0.23548,0.18454,0.37279,0.27276,0.23714,0.17763,0.82254,1.84599,2.35647,1.25583,0,7.27446e-05,7.27446e-05,7.27446e-05
35,1719.18,0.54104,1.0228,0.96761,0.9897,0,0.42528,0.25377,0.23473,0.18396,0.428,0.25566,0.23808,0.17708,0.81949,1.81729,2.33668,1.25237,0,7.21308e-05,7.21308e-05,7.21308e-05
36,1767.63,0.54028,1.03459,0.94875,0.98871,0,0.41765,0.26281,0.23363,0.18723,0.41554,0.26775,0.2347,0.17985,0.81419,1.77601,2.41078,1.24452,0,7.1517e-05,7.1517e-05,7.1517e-05
37,1815.97,0.53399,1.0106,0.92398,0.98354,0,0.40684,0.26412,0.2503,0.19791,0.40682,0.26087,0.24818,0.18626,0.82921,1.8526,2.30198,1.26255,0,7.09032e-05,7.09032e-05,7.09032e-05
38,1864.43,0.528,1.00132,0.89705,0.97759,0,0.38483,0.26463,0.2371,0.18889,0.38571,0.26631,0.23926,0.17922,0.82884,1.83213,2.37178,1.26657,0,7.02894e-05,7.02894e-05,7.02894e-05
39,1912.96,0.51914,0.97402,0.89019,0.97479,0,0.36482,0.28072,0.24175,0.19238,0.37251,0.29281,0.25071,0.18406,0.83072,1.85938,2.39648,1.26882,0,6.96756e-05,6.96756e-05,6.96756e-05
40,1961.37,0.52162,0.98466,0.86692,0.97413,0,0.42037,0.26149,0.24946,0.19844,0.42025,0.26105,0.25076,0.19095,0.81716,1.79244,2.37503,1.24072,0,6.90618e-05,6.90618e-05,6.90618e-05
41,2010.43,0.52066,0.98374,0.87895,0.97567,0,0.37794,0.25845,0.24271,0.1936,0.40878,0.246,0.2483,0.18669,0.82304,1.8578,2.41364,1.25172,0,6.8448e-05,6.8448e-05,6.8448e-05
42,2058.84,0.51227,0.96784,0.84448,0.96848,0,0.50816,0.22947,0.23324,0.18687,0.52482,0.23053,0.23552,0.17785,0.836,1.91467,2.45981,1.28267,0,6.78342e-05,6.78342e-05,6.78342e-05
43,2107.35,0.51537,0.9852,0.84524,0.96846,0,0.35531,0.2836,0.24962,0.19875,0.35843,0.28561,0.2537,0.19207,0.81472,1.80811,2.33192,1.25318,0,6.72204e-05,6.72204e-05,6.72204e-05
44,2155.73,0.52,0.98427,0.84364,0.9768,0,0.46481,0.26144,0.24933,0.19915,0.46597,0.25999,0.24922,0.19218,0.81787,1.83165,2.33754,1.24934,0,6.66066e-05,6.66066e-05,6.66066e-05
45,2204.1,0.50921,0.9668,0.81385,0.96856,0,0.33632,0.27333,0.23989,0.19171,0.35779,0.25999,0.24636,0.18371,0.82196,1.84759,2.3874,1.27074,0,6.59928e-05,6.59928e-05,6.59928e-05
46,2252.52,0.50713,0.96828,0.8174,0.96741,0,0.43369,0.2716,0.25292,0.20104,0.43522,0.27441,0.25542,0.19351,0.83055,1.83121,2.35393,1.26845,0,6.5379e-05,6.5379e-05,6.5379e-05
47,2300.98,0.50313,0.95931,0.80554,0.96615,0,0.38507,0.27041,0.24546,0.19629,0.38788,0.27305,0.24946,0.18913,0.83027,1.89366,2.44963,1.27598,0,6.47652e-05,6.47652e-05,6.47652e-05
48,2349.37,0.50016,0.95023,0.79305,0.95679,0,0.43347,0.26009,0.24641,0.19583,0.43541,0.2604,0.24824,0.18683,0.83709,1.93575,2.46133,1.29269,0,6.41514e-05,6.41514e-05,6.41514e-05
49,2397.85,0.49976,0.94378,0.77264,0.95819,0,0.45552,0.24802,0.23299,0.18385,0.4556,0.24795,0.23546,0.17875,0.83312,1.79523,2.37696,1.26997,0,6.35376e-05,6.35376e-05,6.35376e-05
50,2446.11,0.5026,0.9572,0.7818,0.96249,0,0.39378,0.26591,0.24041,0.19141,0.39432,0.26732,0.24283,0.1839,0.83698,1.92475,2.4562,1.27924,0,6.29238e-05,6.29238e-05,6.29238e-05
51,2494.54,0.49956,0.94112,0.7696,0.9586,0,0.38621,0.25539,0.24381,0.19346,0.3861,0.25778,0.24517,0.18579,0.82227,1.8646,2.3562,1.2593,0,6.231e-05,6.231e-05,6.231e-05
52,2543.12,0.49692,0.92849,0.7448,0.96164,0,0.49743,0.21897,0.24945,0.19719,0.49704,0.21955,0.2453,0.1865,0.83326,1.88025,2.41103,1.2727,0,6.16962e-05,6.16962e-05,6.16962e-05
53,2591.65,0.49368,0.94216,0.75624,0.95727,0,0.45567,0.24014,0.24706,0.19546,0.44279,0.24081,0.24329,0.1861,0.83939,1.84893,2.37768,1.27194,0,6.10824e-05,6.10824e-05,6.10824e-05
54,2640.3,0.49669,0.9419,0.74256,0.95455,0,0.38514,0.27266,0.24295,0.19518,0.38621,0.27453,0.24356,0.18727,0.8246,1.86244,2.41542,1.26485,0,6.04686e-05,6.04686e-05,6.04686e-05
55,2688.74,0.49138,0.90738,0.72083,0.95455,0,0.46449,0.24032,0.24326,0.19322,0.47016,0.24304,0.24309,0.18473,0.8308,1.86425,2.41266,1.26951,0,5.98548e-05,5.98548e-05,5.98548e-05
56,2737.04,0.48728,0.90189,0.73217,0.95834,0,0.35973,0.28443,0.25334,0.20219,0.35946,0.285,0.25654,0.19543,0.84235,1.92522,2.4222,1.28437,0,5.9241e-05,5.9241e-05,5.9241e-05
57,2785.62,0.48245,0.90673,0.71232,0.94783,0,0.3645,0.27296,0.24719,0.1997,0.36432,0.27484,0.25056,0.19044,0.82308,1.88412,2.34036,1.27173,0,5.86272e-05,5.86272e-05,5.86272e-05
58,2834.03,0.48306,0.8884,0.6898,0.94984,0,0.39572,0.25971,0.2468,0.19915,0.39807,0.26217,0.24935,0.19102,0.82616,1.87502,2.37817,1.27608,0,5.80134e-05,5.80134e-05,5.80134e-05
59,2882.46,0.49135,0.91861,0.71664,0.95694,0,0.41063,0.26362,0.24418,0.19498,0.41048,0.26512,0.24518,0.18619,0.82495,1.8461,2.37025,1.27358,0,5.73996e-05,5.73996e-05,5.73996e-05
60,2930.78,0.48515,0.90775,0.69477,0.95179,0,0.4491,0.24412,0.23967,0.19201,0.44958,0.25055,0.24435,0.18469,0.83547,1.89909,2.42823,1.28236,0,5.67858e-05,5.67858e-05,5.67858e-05
61,2979.03,0.48299,0.91377,0.70313,0.95393,0,0.43274,0.25912,0.24846,0.2017,0.43298,0.25956,0.24614,0.19073,0.82479,1.90208,2.37866,1.26373,0,5.6172e-05,5.6172e-05,5.6172e-05
62,3027.38,0.48642,0.90139,0.69816,0.94994,0,0.40271,0.2681,0.2507,0.20093,0.41097,0.26753,0.25108,0.19111,0.82861,1.88501,2.41582,1.27955,0,5.55582e-05,5.55582e-05,5.55582e-05
63,3075.82,0.47338,0.88732,0.68058,0.93943,0,0.41142,0.2727,0.25204,0.20012,0.41426,0.27646,0.25158,0.19278,0.83091,1.89829,2.32796,1.27924,0,5.49444e-05,5.49444e-05,5.49444e-05
64,3124.17,0.47877,0.91257,0.67586,0.94996,0,0.47871,0.24832,0.2466,0.19633,0.48819,0.24726,0.24469,0.18648,0.83446,1.87527,2.37934,1.27401,0,5.43306e-05,5.43306e-05,5.43306e-05
65,3172.46,0.47265,0.89173,0.67005,0.94796,0,0.38843,0.26387,0.25335,0.20378,0.38883,0.2661,0.25622,0.19468,0.8212,1.86235,2.41674,1.26307,0,5.37168e-05,5.37168e-05,5.37168e-05
66,3220.96,0.47325,0.87884,0.66165,0.94435,0,0.37633,0.28033,0.25257,0.20355,0.37981,0.28447,0.25468,0.19476,0.8213,1.91158,2.38886,1.27021,0,5.3103e-05,5.3103e-05,5.3103e-05
67,3269.47,0.47757,0.88845,0.65793,0.94842,0,0.42238,0.27088,0.24683,0.19821,0.42562,0.27432,0.24664,0.19071,0.82042,1.88469,2.37737,1.26716,0,5.24892e-05,5.24892e-05,5.24892e-05
68,3317.9,0.4686,0.87014,0.6515,0.94268,0,0.4117,0.26532,0.24388,0.19746,0.41429,0.26697,0.24455,0.18963,0.8321,1.98885,2.39652,1.27909,0,5.18754e-05,5.18754e-05,5.18754e-05
69,3366.47,0.46682,0.88013,0.64385,0.93686,0,0.43347,0.26149,0.24908,0.19753,0.4374,0.26105,0.25225,0.19051,0.82432,1.89262,2.37223,1.27811,0,5.12616e-05,5.12616e-05,5.12616e-05
70,3415.14,0.46879,0.85562,0.61464,0.93885,0,0.52495,0.24009,0.2571,0.20507,0.53231,0.24608,0.26191,0.19747,0.83192,1.86195,2.40561,1.27354,0,5.06478e-05,5.06478e-05,5.06478e-05
71,3463.79,0.46491,0.86547,0.64195,0.9407,0,0.45882,0.26081,0.25238,0.20243,0.46141,0.2649,0.25825,0.19639,0.82621,1.8439,2.37462,1.26378,0,5.0034e-05,5.0034e-05,5.0034e-05
72,3512.15,0.47102,0.88605,0.63079,0.9453,0,0.33449,0.27876,0.2542,0.20651,0.47202,0.24295,0.25808,0.1973,0.83937,1.92315,2.44194,1.28813,0,4.94202e-05,4.94202e-05,4.94202e-05
73,3560.75,0.4596,0.86165,0.62285,0.94098,0,0.41987,0.26359,0.25224,0.20622,0.42284,0.26449,0.25507,0.1956,0.81751,1.90448,2.40697,1.2556,0,4.88064e-05,4.88064e-05,4.88064e-05
74,3609.12,0.46197,0.86295,0.61543,0.93479,0,0.48296,0.23341,0.24621,0.19926,0.48859,0.23706,0.25155,0.19144,0.82797,1.88576,2.41107,1.26593,0,4.81926e-05,4.81926e-05,4.81926e-05
75,3657.8,0.45771,0.85638,0.61678,0.93551,0,0.37415,0.27769,0.24238,0.19624,0.37476,0.27902,0.2461,0.18933,0.82713,1.92952,2.41267,1.26925,0,4.75788e-05,4.75788e-05,4.75788e-05
76,3706.09,0.46318,0.88717,0.61852,0.93616,0,0.34907,0.27444,0.24392,0.19795,0.35105,0.27672,0.2466,0.18986,0.82849,1.90084,2.38573,1.26779,0,4.6965e-05,4.6965e-05,4.6965e-05
77,3754.41,0.46116,0.86646,0.62311,0.93599,0,0.40829,0.27057,0.24279,0.19613,0.41275,0.26971,0.24576,0.18919,0.83258,1.8882,2.40792,1.27211,0,4.63512e-05,4.63512e-05,4.63512e-05
78,3802.8,0.45327,0.8427,0.60667,0.93365,0,0.45882,0.25418,0.23983,0.19467,0.46412,0.25844,0.24549,0.18566,0.81929,1.88904,2.40334,1.26932,0,4.57374e-05,4.57374e-05,4.57374e-05
79,3851.31,0.44468,0.82932,0.58511,0.92599,0,0.38819,0.28284,0.24975,0.20063,0.39244,0.28462,0.25214,0.19351,0.83116,1.90945,2.41773,1.27856,0,4.51236e-05,4.51236e-05,4.51236e-05
80,3899.79,0.44396,0.81909,0.58126,0.92985,0,0.42822,0.28446,0.26279,0.21205,0.4323,0.28979,0.26626,0.20429,0.83337,1.9002,2.40072,1.27677,0,4.45098e-05,4.45098e-05,4.45098e-05
81,3948.42,0.4424,0.82347,0.59143,0.92627,0,0.48827,0.23222,0.25321,0.20477,0.49171,0.23497,0.25591,0.19459,0.83591,1.90522,2.39691,1.28136,0,4.3896e-05,4.3896e-05,4.3896e-05
82,3996.77,0.44499,0.82592,0.57769,0.92864,0,0.41006,0.26297,0.24784,0.20129,0.41947,0.2595,0.24911,0.19308,0.82989,1.91784,2.42219,1.2723,0,4.32822e-05,4.32822e-05,4.32822e-05
83,4045.19,0.44929,0.83887,0.58981,0.92901,0,0.44161,0.25727,0.2505,0.20048,0.44363,0.26037,0.25286,0.19272,0.83473,1.98425,2.41706,1.28243,0,4.26684e-05,4.26684e-05,4.26684e-05
84,4093.41,0.44314,0.83756,0.58257,0.93224,0,0.39828,0.26059,0.24418,0.19835,0.40049,0.26156,0.24797,0.18982,0.83582,1.87198,2.42022,1.27464,0,4.20546e-05,4.20546e-05,4.20546e-05
85,4141.73,0.44668,0.8269,0.57684,0.93075,0,0.39267,0.26922,0.24741,0.2015,0.39497,0.26947,0.25009,0.19216,0.84083,1.91701,2.47011,1.28881,0,4.14408e-05,4.14408e-05,4.14408e-05
86,4190.02,0.44658,0.84465,0.60105,0.93385,0,0.43574,0.26716,0.24816,0.20335,0.4384,0.26959,0.24888,0.19359,0.81179,1.83808,2.37786,1.24782,0,4.0827e-05,4.0827e-05,4.0827e-05
87,4238.75,0.44648,0.83421,0.56445,0.92546,0,0.40465,0.26684,0.24901,0.20183,0.40819,0.27026,0.25276,0.19247,0.81843,1.85618,2.42639,1.2615,0,4.02132e-05,4.02132e-05,4.02132e-05
88,4287.56,0.4403,0.82092,0.5635,0.92944,0,0.4145,0.27174,0.2498,0.20241,0.41902,0.27604,0.25461,0.19275,0.81766,1.91625,2.41669,1.2613,0,3.95994e-05,3.95994e-05,3.95994e-05
89,4336.54,0.44086,0.82813,0.57303,0.9281,0,0.46025,0.24552,0.24593,0.20137,0.46589,0.24945,0.25167,0.1945,0.8185,1.90719,2.39646,1.25863,0,3.89856e-05,3.89856e-05,3.89856e-05
90,4385.12,0.439,0.82445,0.56151,0.925,0,0.43973,0.24775,0.24495,0.20047,0.44474,0.25093,0.2489,0.19065,0.83925,1.92692,2.46683,1.29026,0,3.83718e-05,3.83718e-05,3.83718e-05
91,4433.44,0.43762,0.82091,0.56281,0.92677,0,0.46697,0.24327,0.2528,0.2066,0.47475,0.248,0.25947,0.19972,0.81868,1.87176,2.38462,1.26327,0,3.7758e-05,3.7758e-05,3.7758e-05
92,4481.69,0.43364,0.82107,0.55032,0.92484,0,0.45821,0.25315,0.25075,0.20171,0.46369,0.2554,0.2527,0.19337,0.82382,1.90451,2.41433,1.26351,0,3.71442e-05,3.71442e-05,3.71442e-05
93,4530.14,0.43366,0.81382,0.5441,0.92328,0,0.39825,0.26184,0.24647,0.19994,0.40252,0.26803,0.25227,0.19338,0.82335,1.86635,2.42564,1.27352,0,3.65304e-05,3.65304e-05,3.65304e-05
94,4578.67,0.43622,0.82066,0.55472,0.92233,0,0.424,0.25987,0.24628,0.19989,0.42619,0.26453,0.25277,0.19379,0.83394,1.92657,2.41542,1.28409,0,3.59166e-05,3.59166e-05,3.59166e-05
95,4627.08,0.43657,0.81649,0.55541,0.92566,0,0.45085,0.25066,0.24317,0.1966,0.45366,0.25359,0.24678,0.18897,0.83349,1.91054,2.47444,1.284,0,3.53028e-05,3.53028e-05,3.53028e-05
96,4675.48,0.42374,0.78791,0.51843,0.91861,0,0.37148,0.27971,0.25376,0.20563,0.38756,0.28366,0.25852,0.19906,0.82005,1.9145,2.40414,1.2709,0,3.4689e-05,3.4689e-05,3.4689e-05
97,4723.8,0.4302,0.8225,0.54673,0.92678,0,0.43472,0.26153,0.24824,0.19991,0.43393,0.26267,0.25057,0.19309,0.82797,1.93287,2.4346,1.27834,0,3.40752e-05,3.40752e-05,3.40752e-05
98,4772.3,0.42402,0.77875,0.53342,0.91655,0,0.38251,0.26434,0.24367,0.19587,0.39376,0.26418,0.24771,0.18945,0.82724,1.93778,2.44929,1.28205,0,3.34614e-05,3.34614e-05,3.34614e-05
99,4820.9,0.4266,0.80538,0.54423,0.92272,0,0.43153,0.26048,0.24589,0.19554,0.43447,0.26491,0.24938,0.1911,0.82906,1.88212,2.37981,1.2764,0,3.28476e-05,3.28476e-05,3.28476e-05
100,4869.29,0.42704,0.80082,0.53031,0.92379,0,0.45578,0.23667,0.24596,0.19731,0.46314,0.2393,0.25146,0.19084,0.82064,1.89706,2.39283,1.27851,0,3.22338e-05,3.22338e-05,3.22338e-05
101,4917.81,0.41998,0.78354,0.52559,0.91278,0,0.49151,0.23032,0.24311,0.198,0.50231,0.23549,0.24989,0.19009,0.8334,1.91605,2.4367,1.28416,0,3.162e-05,3.162e-05,3.162e-05
102,4966.19,0.42369,0.79137,0.52541,0.91942,0,0.42072,0.26588,0.24649,0.20061,0.42812,0.27409,0.25373,0.19343,0.8276,1.89078,2.42821,1.28504,0,3.10062e-05,3.10062e-05,3.10062e-05
103,5014.61,0.41371,0.78783,0.52309,0.91558,0,0.46376,0.24592,0.2444,0.19841,0.46898,0.24874,0.24958,0.19147,0.82596,1.93655,2.42807,1.28451,0,3.03924e-05,3.03924e-05,3.03924e-05
104,5063.04,0.42802,0.80325,0.53418,0.92261,0,0.41378,0.25492,0.24878,0.20009,0.41552,0.26039,0.254,0.19354,0.81802,1.89688,2.39325,1.27098,0,2.97786e-05,2.97786e-05,2.97786e-05
105,5111.41,0.41804,0.79443,0.52429,0.91714,0,0.40594,0.25965,0.24762,0.19958,0.41099,0.2643,0.25261,0.19341,0.82268,1.91244,2.41247,1.27232,0,2.91648e-05,2.91648e-05,2.91648e-05
106,5159.71,0.42099,0.7843,0.52083,0.92433,0,0.39264,0.26096,0.24595,0.19852,0.3958,0.26509,0.24848,0.19138,0.8194,1.92817,2.42191,1.27766,0,2.8551e-05,2.8551e-05,2.8551e-05
107,5208.08,0.41535,0.77796,0.50876,0.9152,0,0.41479,0.25759,0.24309,0.1973,0.41716,0.26208,0.24625,0.19192,0.82317,1.90825,2.43993,1.27421,0,2.79372e-05,2.79372e-05,2.79372e-05
108,5256.51,0.41707,0.77817,0.49776,0.91418,0,0.42414,0.24823,0.24489,0.1958,0.4249,0.24873,0.24482,0.18915,0.8319,1.96609,2.45148,1.28523,0,2.73234e-05,2.73234e-05,2.73234e-05
109,5304.75,0.4154,0.78046,0.5054,0.91477,0,0.41369,0.26204,0.24723,0.20052,0.41563,0.26613,0.25159,0.19331,0.82014,1.95496,2.41114,1.27367,0,2.67096e-05,2.67096e-05,2.67096e-05
110,5353.08,0.41952,0.7713,0.50839,0.91551,0,0.42745,0.25701,0.25259,0.20191,0.41812,0.25357,0.25364,0.195,0.82528,1.92617,2.40914,1.27267,0,2.60958e-05,2.60958e-05,2.60958e-05
111,5401.37,0.41268,0.76562,0.51035,0.91202,0,0.38226,0.27003,0.25219,0.20167,0.38917,0.26773,0.25369,0.19478,0.82674,1.92494,2.39198,1.27943,0,2.5482e-05,2.5482e-05,2.5482e-05
112,5449.74,0.41973,0.77864,0.50224,0.91197,0,0.39543,0.26209,0.25699,0.20504,0.45751,0.24678,0.25747,0.1978,0.83206,1.91897,2.4162,1.2835,0,2.48682e-05,2.48682e-05,2.48682e-05
113,5498.14,0.40703,0.75374,0.48289,0.9095,0,0.36967,0.26339,0.2474,0.19861,0.37494,0.26713,0.25061,0.1926,0.83233,1.94965,2.47495,1.28882,0,2.42544e-05,2.42544e-05,2.42544e-05
114,5546.5,0.41612,0.77467,0.50029,0.91479,0,0.38474,0.26915,0.25064,0.20112,0.40143,0.269,0.25464,0.19442,0.8305,1.97352,2.46005,1.28135,0,2.36406e-05,2.36406e-05,2.36406e-05
115,5595.02,0.40979,0.77505,0.50078,0.91106,0,0.39409,0.26268,0.25077,0.20229,0.39855,0.2662,0.25413,0.19386,0.82215,1.96423,2.45029,1.2733,0,2.30268e-05,2.30268e-05,2.30268e-05
116,5643.4,0.41603,0.78626,0.50678,0.91381,0,0.43462,0.26282,0.25147,0.20382,0.43855,0.26782,0.25553,0.19573,0.81994,1.90077,2.4263,1.27228,0,2.2413e-05,2.2413e-05,2.2413e-05
117,5691.71,0.40902,0.78531,0.4916,0.91166,0,0.40677,0.26505,0.24786,0.20021,0.41054,0.27147,0.25065,0.1925,0.82941,1.90731,2.41517,1.28273,0,2.17992e-05,2.17992e-05,2.17992e-05
118,5739.95,0.4161,0.7903,0.50996,0.91513,0,0.52858,0.23194,0.24913,0.20042,0.5166,0.23671,0.25372,0.1948,0.82676,1.92884,2.45131,1.28696,0,2.11854e-05,2.11854e-05,2.11854e-05
119,5788.3,0.41792,0.78202,0.50727,0.91594,0,0.48118,0.23573,0.25312,0.20353,0.4853,0.23896,0.259,0.19648,0.83294,1.93283,2.4452,1.29063,0,2.05716e-05,2.05716e-05,2.05716e-05
120,5836.58,0.39863,0.76716,0.48358,0.90472,0,0.37469,0.28243,0.25505,0.20109,0.37816,0.28602,0.25752,0.19535,0.82733,1.88872,2.41691,1.27852,0,1.99578e-05,1.99578e-05,1.99578e-05
121,5884.9,0.41095,0.77003,0.47591,0.90882,0,0.45287,0.24682,0.25657,0.2053,0.45481,0.25024,0.2612,0.19927,0.82444,1.92659,2.4117,1.28048,0,1.9344e-05,1.9344e-05,1.9344e-05
122,5933.44,0.41209,0.78661,0.50137,0.9131,0,0.44059,0.2643,0.25447,0.20188,0.44616,0.27118,0.25949,0.19686,0.82514,1.93516,2.3994,1.27625,0,1.87302e-05,1.87302e-05,1.87302e-05
123,5981.79,0.40464,0.76418,0.48224,0.91092,0,0.4505,0.25045,0.25688,0.20454,0.45502,0.25605,0.25889,0.19819,0.82543,1.91745,2.42565,1.27891,0,1.81164e-05,1.81164e-05,1.81164e-05
124,6030.05,0.40428,0.75148,0.46707,0.90778,0,0.46552,0.2539,0.25127,0.20372,0.4708,0.25908,0.25801,0.19679,0.82047,1.94543,2.42975,1.27795,0,1.75026e-05,1.75026e-05,1.75026e-05
125,6078.3,0.4022,0.75278,0.47676,0.90827,0,0.50173,0.24894,0.25448,0.20546,0.5068,0.25462,0.2607,0.19866,0.81566,1.9315,2.44003,1.26852,0,1.68888e-05,1.68888e-05,1.68888e-05
126,6126.78,0.39808,0.75677,0.46909,0.90609,0,0.45581,0.24585,0.25139,0.20236,0.47756,0.24659,0.25603,0.19528,0.82103,1.94793,2.43576,1.27788,0,1.6275e-05,1.6275e-05,1.6275e-05
127,6175.25,0.39522,0.74992,0.4668,0.90108,0,0.43518,0.25439,0.25266,0.20409,0.44034,0.25922,0.25769,0.19604,0.82288,1.97185,2.44932,1.27894,0,1.56612e-05,1.56612e-05,1.56612e-05
128,6223.52,0.40339,0.75761,0.46148,0.90988,0,0.45074,0.26257,0.25249,0.20562,0.45503,0.26699,0.25669,0.19826,0.81863,1.93088,2.43487,1.27057,0,1.50474e-05,1.50474e-05,1.50474e-05
129,6271.87,0.39367,0.75191,0.47113,0.90459,0,0.50577,0.24593,0.25017,0.20175,0.50911,0.24993,0.25615,0.19465,0.8157,1.94012,2.43651,1.27491,0,1.44336e-05,1.44336e-05,1.44336e-05
130,6320.09,0.40496,0.77723,0.48243,0.91253,0,0.46349,0.25661,0.24926,0.20235,0.4559,0.26186,0.25627,0.19425,0.82062,1.94898,2.4552,1.27812,0,1.38198e-05,1.38198e-05,1.38198e-05
131,6368.45,0.39884,0.74775,0.46879,0.91207,0,0.46818,0.25651,0.24782,0.19996,0.47188,0.2591,0.25296,0.19305,0.82096,1.93006,2.44093,1.27514,0,1.3206e-05,1.3206e-05,1.3206e-05
132,6416.61,0.38799,0.73965,0.45843,0.90317,0,0.44932,0.25202,0.2479,0.20088,0.45492,0.25587,0.25311,0.19338,0.83128,1.93949,2.46196,1.28705,0,1.25922e-05,1.25922e-05,1.25922e-05
133,6464.95,0.40705,0.75443,0.47339,0.90773,0,0.4609,0.2492,0.24979,0.20377,0.4678,0.25338,0.2562,0.19562,0.82638,1.95426,2.4543,1.28638,0,1.19784e-05,1.19784e-05,1.19784e-05
134,6513.35,0.40903,0.77584,0.47335,0.90883,0,0.45065,0.2562,0.25049,0.20283,0.48232,0.25371,0.25574,0.19541,0.81864,1.9221,2.4291,1.27207,0,1.13646e-05,1.13646e-05,1.13646e-05
135,6562.94,0.40558,0.76394,0.47453,0.90778,0,0.4259,0.26116,0.24729,0.19907,0.42953,0.2642,0.25143,0.19257,0.82126,1.93049,2.44545,1.27121,0,1.07508e-05,1.07508e-05,1.07508e-05
136,6611.6,0.40359,0.76952,0.4801,0.91183,0,0.45011,0.25036,0.24904,0.20088,0.46562,0.25382,0.25284,0.19356,0.82582,1.93877,2.45401,1.28005,0,1.0137e-05,1.0137e-05,1.0137e-05
137,6660.72,0.40283,0.7563,0.46716,0.90844,0,0.46593,0.24769,0.25338,0.20523,0.47339,0.25073,0.25785,0.19823,0.82456,1.9285,2.45351,1.27806,0,9.5232e-06,9.5232e-06,9.5232e-06
138,6710.16,0.39846,0.75489,0.45829,0.90791,0,0.47151,0.24599,0.2522,0.20477,0.47713,0.25002,0.25801,0.19782,0.82322,1.93076,2.45265,1.27787,0,8.9094e-06,8.9094e-06,8.9094e-06
139,6759.82,0.40011,0.75442,0.46565,0.90822,0,0.43635,0.2534,0.24887,0.20135,0.44385,0.25641,0.25545,0.19499,0.82558,1.93569,2.44942,1.28189,0,8.2956e-06,8.2956e-06,8.2956e-06
140,6809.01,0.39586,0.73513,0.46051,0.90916,0,0.44066,0.25207,0.25046,0.20204,0.46388,0.24885,0.25722,0.1957,0.82583,1.93986,2.47171,1.28227,0,7.6818e-06,7.6818e-06,7.6818e-06
141,6860.13,0.36793,0.70522,0.3954,0.89903,0,0.45049,0.2515,0.24898,0.19822,0.45426,0.25243,0.25245,0.19287,0.84557,2.0845,2.48102,1.30219,0,7.068e-06,7.068e-06,7.068e-06
142,6908.38,0.35798,0.67259,0.35658,0.89031,0,0.41449,0.26983,0.25272,0.19949,0.41511,0.27112,0.25301,0.19363,0.82788,2.03519,2.42597,1.28442,0,6.4542e-06,6.4542e-06,6.4542e-06
143,6956.52,0.34718,0.66951,0.34601,0.88078,0,0.44125,0.26752,0.25704,0.20341,0.44364,0.26723,0.25829,0.19688,0.82377,2.0114,2.42075,1.2798,0,5.8404e-06,5.8404e-06,5.8404e-06
144,7004.55,0.34524,0.64331,0.33257,0.87977,0,0.4439,0.27968,0.25893,0.20536,0.44511,0.28021,0.26073,0.19909,0.82402,2.01329,2.43096,1.27757,0,5.2266e-06,5.2266e-06,5.2266e-06
145,7052.75,0.34888,0.65336,0.34108,0.88421,0,0.45105,0.27357,0.25957,0.20698,0.45373,0.27514,0.262,0.20064,0.81897,1.99735,2.41991,1.27256,0,4.6128e-06,4.6128e-06,4.6128e-06
146,7100.73,0.34229,0.6486,0.33394,0.88436,0,0.45538,0.26781,0.25538,0.20411,0.45717,0.26888,0.2574,0.19706,0.82037,2.00699,2.41993,1.27795,0,3.999e-06,3.999e-06,3.999e-06
147,7148.93,0.33822,0.63233,0.31808,0.88218,0,0.4634,0.26402,0.25667,0.2055,0.46642,0.26608,0.26031,0.19891,0.82434,2.02764,2.43185,1.28366,0,3.3852e-06,3.3852e-06,3.3852e-06
148,7196.89,0.34671,0.65445,0.33692,0.88957,0,0.47428,0.25372,0.25601,0.20446,0.4784,0.25567,0.2593,0.19792,0.8258,2.01257,2.42397,1.28434,0,2.7714e-06,2.7714e-06,2.7714e-06
149,7244.81,0.33249,0.62899,0.31764,0.8793,0,0.47132,0.25552,0.25669,0.20327,0.4745,0.259,0.25827,0.19738,0.8245,2.01479,2.42542,1.28402,0,2.1576e-06,2.1576e-06,2.1576e-06
150,7292.5,0.33255,0.62904,0.31326,0.87791,0,0.46075,0.26473,0.2566,0.20421,0.4672,0.26434,0.25811,0.19759,0.82585,2.01593,2.42453,1.28556,0,1.5438e-06,1.5438e-06,1.5438e-06
